{
  "n": 960,
  "heuristic_kappa": 0.1429855193561355,
  "unanimous_rate": 0.7291666666666666,
  "cost": 0.45075849999999984,
  "gpt4o_kappa": 0.7915069753181052,
  "gemini_25_flash_kappa": 0.8209613869188337,
  "gpt4o_mini_kappa": 0.7701953707625169
}