{
  "deepseek_v3": {
    "n": 200,
    "n_S1": 104,
    "n_S2": 14,
    "n_S3": 59,
    "p_S1": {
      "point": 0.52,
      "lo": 0.45487500000000014,
      "hi": 0.59
    },
    "p_S2": {
      "point": 0.07,
      "lo": 0.035,
      "hi": 0.11
    },
    "p_S3": {
      "point": 0.295,
      "lo": 0.23,
      "hi": 0.36
    },
    "r_1_2": 0.1346,
    "r_2_3": {
      "point": 1.0,
      "lo": 1.0,
      "hi": 1.0
    },
    "injection_to_error": {
      "point": 0.5192307692307693,
      "lo": 0.4230769230769231,
      "hi": 0.6153846153846154
    }
  },
  "gemini_20_flash": {
    "n": 200,
    "n_S1": 10,
    "n_S2": 2,
    "n_S3": 78,
    "p_S1": {
      "point": 0.05,
      "lo": 0.025,
      "hi": 0.085
    },
    "p_S2": {
      "point": 0.01,
      "lo": 0.0,
      "hi": 0.025
    },
    "p_S3": {
      "point": 0.39,
      "lo": 0.33,
      "hi": 0.455
    },
    "r_1_2": 0.2,
    "r_2_3": {
      "point": 1.0,
      "lo": 1.0,
      "hi": 1.0
    },
    "injection_to_error": {
      "point": 1.0,
      "lo": 1.0,
      "hi": 1.0
    }
  },
  "gemini_25_flash": {
    "n": 50,
    "n_S1": 25,
    "n_S2": 3,
    "n_S3": 18,
    "p_S1": {
      "point": 0.5,
      "lo": 0.36,
      "hi": 0.64
    },
    "p_S2": {
      "point": 0.06,
      "lo": 0.0,
      "hi": 0.14
    },
    "p_S3": {
      "point": 0.36,
      "lo": 0.22,
      "hi": 0.5
    },
    "r_1_2": 0.12,
    "r_2_3": {
      "point": 1.0,
      "lo": 1.0,
      "hi": 1.0
    },
    "injection_to_error": {
      "point": 0.6,
      "lo": 0.4,
      "hi": 0.76
    }
  },
  "gpt35_turbo": {
    "n": 200,
    "n_S1": 75,
    "n_S2": 19,
    "n_S3": 65,
    "p_S1": {
      "point": 0.375,
      "lo": 0.305,
      "hi": 0.44
    },
    "p_S2": {
      "point": 0.095,
      "lo": 0.055,
      "hi": 0.14
    },
    "p_S3": {
      "point": 0.325,
      "lo": 0.26,
      "hi": 0.385
    },
    "r_1_2": 0.2533,
    "r_2_3": {
      "point": 1.0,
      "lo": 1.0,
      "hi": 1.0
    },
    "injection_to_error": {
      "point": 0.5733333333333334,
      "lo": 0.4666666666666667,
      "hi": 0.68
    }
  },
  "gpt41_mini": {
    "n": 200,
    "n_S1": 101,
    "n_S2": 21,
    "n_S3": 60,
    "p_S1": {
      "point": 0.505,
      "lo": 0.435,
      "hi": 0.57
    },
    "p_S2": {
      "point": 0.105,
      "lo": 0.065,
      "hi": 0.15
    },
    "p_S3": {
      "point": 0.3,
      "lo": 0.24,
      "hi": 0.36512499999999987
    },
    "r_1_2": 0.2079,
    "r_2_3": {
      "point": 1.0,
      "lo": 1.0,
      "hi": 1.0
    },
    "injection_to_error": {
      "point": 0.5742574257425742,
      "lo": 0.4752475247524752,
      "hi": 0.6732673267326733
    }
  },
  "gpt41_nano": {
    "n": 200,
    "n_S1": 125,
    "n_S2": 35,
    "n_S3": 65,
    "p_S1": {
      "point": 0.625,
      "lo": 0.56,
      "hi": 0.695
    },
    "p_S2": {
      "point": 0.175,
      "lo": 0.12,
      "hi": 0.225
    },
    "p_S3": {
      "point": 0.325,
      "lo": 0.26,
      "hi": 0.395
    },
    "r_1_2": 0.28,
    "r_2_3": {
      "point": 1.0,
      "lo": 1.0,
      "hi": 1.0
    },
    "injection_to_error": {
      "point": 0.512,
      "lo": 0.416,
      "hi": 0.592
    }
  },
  "gpt4o": {
    "n": 50,
    "n_S1": 37,
    "n_S2": 11,
    "n_S3": 19,
    "p_S1": {
      "point": 0.74,
      "lo": 0.62,
      "hi": 0.86
    },
    "p_S2": {
      "point": 0.22,
      "lo": 0.1,
      "hi": 0.34
    },
    "p_S3": {
      "point": 0.38,
      "lo": 0.26,
      "hi": 0.5
    },
    "r_1_2": 0.2973,
    "r_2_3": {
      "point": 1.0,
      "lo": 1.0,
      "hi": 1.0
    },
    "injection_to_error": {
      "point": 0.5135135135135135,
      "lo": 0.35135135135135137,
      "hi": 0.6756756756756757
    }
  },
  "gpt4o_mini": {
    "n": 200,
    "n_S1": 80,
    "n_S2": 45,
    "n_S3": 102,
    "p_S1": {
      "point": 0.4,
      "lo": 0.33,
      "hi": 0.465
    },
    "p_S2": {
      "point": 0.225,
      "lo": 0.17,
      "hi": 0.28
    },
    "p_S3": {
      "point": 0.51,
      "lo": 0.435,
      "hi": 0.58
    },
    "r_1_2": 0.5625,
    "r_2_3": {
      "point": 1.0,
      "lo": 1.0,
      "hi": 1.0
    },
    "injection_to_error": {
      "point": 0.575,
      "lo": 0.475,
      "hi": 0.6875
    }
  },
  "o3_mini": {
    "n": 50,
    "n_S1": 37,
    "n_S2": 8,
    "n_S3": 23,
    "p_S1": {
      "point": 0.74,
      "lo": 0.62,
      "hi": 0.86
    },
    "p_S2": {
      "point": 0.16,
      "lo": 0.06,
      "hi": 0.26
    },
    "p_S3": {
      "point": 0.46,
      "lo": 0.32,
      "hi": 0.6
    },
    "r_1_2": 0.2162,
    "r_2_3": {
      "point": 1.0,
      "lo": 1.0,
      "hi": 1.0
    },
    "injection_to_error": {
      "point": 0.6216216216216216,
      "lo": 0.4594594594594595,
      "hi": 0.7837837837837838
    }
  }
}