{
  "deepseek_v3": {
    "n": 200,
    "n_S1": 104,
    "n_S2": 14,
    "n_S3": 125,
    "p_S1": {
      "point": 0.52,
      "lo": 0.45487500000000014,
      "hi": 0.59
    },
    "p_S2": {
      "point": 0.07,
      "lo": 0.035,
      "hi": 0.11
    },
    "p_S3": {
      "point": 0.625,
      "lo": 0.56,
      "hi": 0.69
    },
    "r_1_2": 0.1346,
    "r_2_3": {
      "point": 0.42857142857142855,
      "lo": 0.21428571428571427,
      "hi": 0.7142857142857143
    },
    "injection_to_error": {
      "point": 0.5673076923076923,
      "lo": 0.47115384615384615,
      "hi": 0.6637019230769229
    }
  },
  "gemini_20_flash": {
    "n": 200,
    "n_S1": 10,
    "n_S2": 2,
    "n_S3": 134,
    "p_S1": {
      "point": 0.05,
      "lo": 0.025,
      "hi": 0.085
    },
    "p_S2": {
      "point": 0.01,
      "lo": 0.0,
      "hi": 0.025
    },
    "p_S3": {
      "point": 0.67,
      "lo": 0.605,
      "hi": 0.73
    },
    "r_1_2": 0.2,
    "r_2_3": {
      "point": 0.5,
      "lo": 0.0,
      "hi": 1.0
    },
    "injection_to_error": {
      "point": 0.9,
      "lo": 0.7,
      "hi": 1.0
    }
  },
  "gemini_25_flash": {
    "n": 50,
    "n_S1": 25,
    "n_S2": 3,
    "n_S3": 38,
    "p_S1": {
      "point": 0.5,
      "lo": 0.36,
      "hi": 0.64
    },
    "p_S2": {
      "point": 0.06,
      "lo": 0.0,
      "hi": 0.14
    },
    "p_S3": {
      "point": 0.76,
      "lo": 0.64,
      "hi": 0.86
    },
    "r_1_2": 0.12,
    "r_2_3": {
      "point": 0.6666666666666666,
      "lo": 0.0,
      "hi": 1.0
    },
    "injection_to_error": {
      "point": 0.84,
      "lo": 0.68,
      "hi": 0.96
    }
  },
  "gpt35_turbo": {
    "n": 200,
    "n_S1": 75,
    "n_S2": 19,
    "n_S3": 135,
    "p_S1": {
      "point": 0.375,
      "lo": 0.305,
      "hi": 0.44
    },
    "p_S2": {
      "point": 0.095,
      "lo": 0.055,
      "hi": 0.14
    },
    "p_S3": {
      "point": 0.675,
      "lo": 0.605,
      "hi": 0.735
    },
    "r_1_2": 0.2533,
    "r_2_3": {
      "point": 0.7368421052631579,
      "lo": 0.5263157894736842,
      "hi": 0.8947368421052632
    },
    "injection_to_error": {
      "point": 0.76,
      "lo": 0.6666666666666666,
      "hi": 0.8533333333333334
    }
  },
  "gpt41_mini": {
    "n": 200,
    "n_S1": 101,
    "n_S2": 21,
    "n_S3": 131,
    "p_S1": {
      "point": 0.505,
      "lo": 0.435,
      "hi": 0.57
    },
    "p_S2": {
      "point": 0.105,
      "lo": 0.065,
      "hi": 0.15
    },
    "p_S3": {
      "point": 0.655,
      "lo": 0.585,
      "hi": 0.715
    },
    "r_1_2": 0.2079,
    "r_2_3": {
      "point": 0.6666666666666666,
      "lo": 0.47619047619047616,
      "hi": 0.8571428571428571
    },
    "injection_to_error": {
      "point": 0.6633663366336634,
      "lo": 0.5742574257425742,
      "hi": 0.7623762376237624
    }
  },
  "gpt41_nano": {
    "n": 200,
    "n_S1": 125,
    "n_S2": 35,
    "n_S3": 169,
    "p_S1": {
      "point": 0.625,
      "lo": 0.56,
      "hi": 0.695
    },
    "p_S2": {
      "point": 0.175,
      "lo": 0.12,
      "hi": 0.225
    },
    "p_S3": {
      "point": 0.845,
      "lo": 0.79,
      "hi": 0.895
    },
    "r_1_2": 0.28,
    "r_2_3": {
      "point": 0.9714285714285714,
      "lo": 0.9142857142857143,
      "hi": 1.0
    },
    "injection_to_error": {
      "point": 0.832,
      "lo": 0.768,
      "hi": 0.888
    }
  },
  "gpt4o": {
    "n": 50,
    "n_S1": 37,
    "n_S2": 11,
    "n_S3": 37,
    "p_S1": {
      "point": 0.74,
      "lo": 0.62,
      "hi": 0.86
    },
    "p_S2": {
      "point": 0.22,
      "lo": 0.1,
      "hi": 0.34
    },
    "p_S3": {
      "point": 0.74,
      "lo": 0.62,
      "hi": 0.86
    },
    "r_1_2": 0.2973,
    "r_2_3": {
      "point": 0.8181818181818182,
      "lo": 0.5454545454545454,
      "hi": 1.0
    },
    "injection_to_error": {
      "point": 0.6756756756756757,
      "lo": 0.5135135135135135,
      "hi": 0.8108108108108109
    }
  },
  "gpt4o_mini": {
    "n": 200,
    "n_S1": 80,
    "n_S2": 45,
    "n_S3": 142,
    "p_S1": {
      "point": 0.4,
      "lo": 0.33,
      "hi": 0.465
    },
    "p_S2": {
      "point": 0.225,
      "lo": 0.17,
      "hi": 0.28
    },
    "p_S3": {
      "point": 0.71,
      "lo": 0.645,
      "hi": 0.77
    },
    "r_1_2": 0.5625,
    "r_2_3": {
      "point": 0.8444444444444444,
      "lo": 0.7333333333333333,
      "hi": 0.9555555555555556
    },
    "injection_to_error": {
      "point": 0.8375,
      "lo": 0.7625,
      "hi": 0.9125
    }
  },
  "o3_mini": {
    "n": 50,
    "n_S1": 37,
    "n_S2": 8,
    "n_S3": 35,
    "p_S1": {
      "point": 0.74,
      "lo": 0.62,
      "hi": 0.86
    },
    "p_S2": {
      "point": 0.16,
      "lo": 0.06,
      "hi": 0.26
    },
    "p_S3": {
      "point": 0.7,
      "lo": 0.58,
      "hi": 0.82
    },
    "r_1_2": 0.2162,
    "r_2_3": {
      "point": 0.625,
      "lo": 0.25,
      "hi": 0.875
    },
    "injection_to_error": {
      "point": 0.7567567567567568,
      "lo": 0.6216216216216216,
      "hi": 0.8918918918918919
    }
  }
}