{
  "deepseek_v3": {
    "n": 800,
    "p_S1": {
      "point": 0.7325,
      "lo": 0.7025,
      "hi": 0.76378125
    },
    "p_S2": {
      "point": 0.285,
      "lo": 0.25125,
      "hi": 0.3175
    },
    "p_S3": {
      "point": 0.285,
      "lo": 0.25125,
      "hi": 0.3175
    },
    "r_1_2": 0.3891,
    "r_2_3": 1.0
  },
  "gemini_20_flash": {
    "n": 800,
    "p_S1": {
      "point": 0.0525,
      "lo": 0.03625,
      "hi": 0.0675
    },
    "p_S2": {
      "point": 0.0475,
      "lo": 0.0325,
      "hi": 0.0625
    },
    "p_S3": {
      "point": 0.0475,
      "lo": 0.0325,
      "hi": 0.0625
    },
    "r_1_2": 0.9048,
    "r_2_3": 1.0
  },
  "gemini_25_flash": {
    "n": 200,
    "p_S1": {
      "point": 0.64,
      "lo": 0.574875,
      "hi": 0.705
    },
    "p_S2": {
      "point": 0.3,
      "lo": 0.235,
      "hi": 0.36012499999999986
    },
    "p_S3": {
      "point": 0.3,
      "lo": 0.235,
      "hi": 0.36012499999999986
    },
    "r_1_2": 0.4688,
    "r_2_3": 1.0
  },
  "gpt35_turbo": {
    "n": 800,
    "p_S1": {
      "point": 0.5125,
      "lo": 0.4775,
      "hi": 0.54875
    },
    "p_S2": {
      "point": 0.21875,
      "lo": 0.18875,
      "hi": 0.2475
    },
    "p_S3": {
      "point": 0.21875,
      "lo": 0.18875,
      "hi": 0.2475
    },
    "r_1_2": 0.4268,
    "r_2_3": 1.0
  },
  "gpt41_mini": {
    "n": 800,
    "p_S1": {
      "point": 0.68375,
      "lo": 0.65125,
      "hi": 0.71625
    },
    "p_S2": {
      "point": 0.30375,
      "lo": 0.27121875,
      "hi": 0.33625
    },
    "p_S3": {
      "point": 0.30375,
      "lo": 0.27121875,
      "hi": 0.33625
    },
    "r_1_2": 0.4442,
    "r_2_3": 1.0
  },
  "gpt41_nano": {
    "n": 800,
    "p_S1": {
      "point": 0.84625,
      "lo": 0.82125,
      "hi": 0.8712812499999999
    },
    "p_S2": {
      "point": 0.42625,
      "lo": 0.39496875000000004,
      "hi": 0.4625
    },
    "p_S3": {
      "point": 0.42625,
      "lo": 0.39496875000000004,
      "hi": 0.4625
    },
    "r_1_2": 0.5037,
    "r_2_3": 1.0
  },
  "gpt4o": {
    "n": 200,
    "p_S1": {
      "point": 0.875,
      "lo": 0.825,
      "hi": 0.92
    },
    "p_S2": {
      "point": 0.425,
      "lo": 0.36,
      "hi": 0.49012499999999987
    },
    "p_S3": {
      "point": 0.425,
      "lo": 0.36,
      "hi": 0.49012499999999987
    },
    "r_1_2": 0.4857,
    "r_2_3": 1.0
  },
  "gpt4o_mini": {
    "n": 800,
    "p_S1": {
      "point": 0.395,
      "lo": 0.36246875,
      "hi": 0.4275
    },
    "p_S2": {
      "point": 0.2125,
      "lo": 0.185,
      "hi": 0.24125
    },
    "p_S3": {
      "point": 0.2125,
      "lo": 0.185,
      "hi": 0.24125
    },
    "r_1_2": 0.538,
    "r_2_3": 1.0
  },
  "o3_mini": {
    "n": 200,
    "p_S1": {
      "point": 0.81,
      "lo": 0.755,
      "hi": 0.865
    },
    "p_S2": {
      "point": 0.455,
      "lo": 0.39,
      "hi": 0.520125
    },
    "p_S3": {
      "point": 0.455,
      "lo": 0.39,
      "hi": 0.520125
    },
    "r_1_2": 0.5617,
    "r_2_3": 1.0
  }
}